{
  "affine_matrix": [
    [
      0.9363883777461928,
      0.09239413122526463,
      0.11348912280834564,
      345.75611796778577
    ],
    [
      0.006427202305238097,
      1.122027751588482,
      0.025145190157379895,
      92.49149158860736
    ],
    [
      -0.10698880459794738,
      0.03684723146085572,
      -1.1053323231521788,
      574.5525184831624
    ]
  ],
  "rmse_mm": 7.937414354548703
}