{
  "affine_matrix": [
    [
      0.07983756261538695,
      -0.8189932911175879,
      0.3262213647082318,
      39.06123204543589
    ],
    [
      1.1220414594640813,
      0.015539413692237797,
      -0.07838016370725494,
      -3.291743994463207
    ],
    [
      -0.09870680067079574,
      -0.30382678208796576,
      -1.1215194017957981,
      636.1984298644513
    ]
  ],
  "rmse_mm": 5.932274604687519
}