{
  "affine_matrix": [
    [
      -1.064579548330787,
      0.05677201025052414,
      0.00942912721698927,
      356.9136202405481
    ],
    [
      -0.1442695106140731,
      -0.938003894392786,
      -0.02785568807380542,
      -76.70240897241379
    ],
    [
      0.15056629278848038,
      0.05012291027301613,
      -0.9555563859861921,
      525.1966755779329
    ]
  ],
  "rmse_mm": 5.206320611590779
}