{
  "affine_matrix": [
    [
      0.006144835625937687,
      -1.0278267914334815,
      -0.09516381993046322,
      309.8475119852269
    ],
    [
      1.0730825381833455,
      -0.010624299466470498,
      -0.021661580690972505,
      -7.700569602023667
    ],
    [
      0.019249658216704817,
      0.14291380218721172,
      -1.0930718275953915,
      564.4206757028542
    ]
  ],
  "rmse_mm": 4.450659494562564
}