{
  "affine_matrix": [
    [
      -1.0247140165450568,
      -0.09274007609779034,
      -0.10073626577672865,
      420.9626281153061
    ],
    [
      0.6524118386680997,
      -0.9507795699431114,
      0.6156003975555572,
      -428.01948362109823
    ],
    [
      1.1790333314194188,
      0.2426585822982506,
      0.04960209296101417,
      55.076008982750515
    ]
  ],
  "rmse_mm": 34.24066620255211
}