{
  "rotation": [
    [
      -0.00018043594602516278,
      0.7905537049933313,
      0.6123926901622723
    ],
    [
      0.9986159278973308,
      0.03235102005121105,
      -0.041468542913866806
    ],
    [
      -0.05259463843988716,
      0.611537612108169,
      -0.7894653589514968
    ]
  ],
  "translation": [
    -21.99510024622026,
    -5.016673215761276,
    471.202682717783
  ],
  "rmse_mm": 28.561515747161717
}