{
  "affine_matrix": [
    [
      0.1205380427612828,
      -0.9777969996630065,
      -0.11542421352372569,
      296.43459657989774
    ],
    [
      1.1053353605261143,
      0.04518629068696253,
      0.02239288152006373,
      -60.34769970341298
    ],
    [
      -0.028712341675018564,
      0.188884062626498,
      -1.090892249793842,
      584.4430089260137
    ]
  ],
  "rmse_mm": 2.4209868617263828
}