{
  "affine_matrix": [
    [
      0.9891952363954878,
      0.25280985413383394,
      0.05378922323384996,
      386.2770550823771
    ],
    [
      -0.12485950406763052,
      1.0987771502990893,
      0.05372606582457211,
      9.586290323697867
    ],
    [
      -0.12986685201734016,
      0.004327458635822179,
      -1.0984964885669695,
      570.9765946907246
    ]
  ],
  "rmse_mm": 1.7743429423549124
}