{
  "affine_matrix": [
    [
      0.07759718340336902,
      -0.9336845573619306,
      -0.14330139479264564,
      427.4432305149053
    ],
    [
      1.0993489756371897,
      0.013059072532371027,
      -0.054980009030472336,
      -28.20797669803592
    ],
    [
      0.011749789251262353,
      0.18334401483749374,
      -1.542653240974186,
      661.5985423069679
    ]
  ],
  "rmse_mm": 10.461761688790217
}